<?xml version="1.0" encoding="UTF-8"?>
<!--
To change this license header, choose License Headers in Project Properties.
To change this template file, choose Tools | Templates
and open the template in the editor.
-->

<beans xmlns="http://www.springframework.org/schema/beans"
       xmlns:xsi="http://www.w3.org/2001/XMLSchema-instance"
       xmlns:context="http://www.springframework.org/schema/context"
       xsi:schemaLocation="http://www.springframework.org/schema/beans
http://www.springframework.org/schema/beans/spring-beans.xsd
http://www.springframework.org/schema/context
http://www.springframework.org/schema/context/spring-context.xsd">

    <bean id="obj" class="com.exam.A"/>
    <bean id="ba" class="com.exam.BeforeAdvisor"/>
    <bean id="ba1" class="com.exam.AdvisorMethodInterceptor"/>
    
    <bean id="proxy" class="org.springframework.aop.framework.ProxyFactoryBean">
        <property name="target" ref="obj"></property>
        <property name="interceptorNames">
            <list>
                <value>ba</value>
            </list>
        </property>
    </bean>
    <bean id="proxy1" class="org.springframework.aop.framework.ProxyFactoryBean">
        <property name="target" ref="obj"></property>
        <property name="interceptorNames">
            <list>
                <value>ba1</value>
            </list>
        </property>
    </bean>
    
</beans>
