<?xml version="1.0" encoding="UTF-8"?>
<project-private xmlns="http://www.netbeans.org/ns/project-private/1">
    <editor-bookmarks xmlns="http://www.netbeans.org/ns/editor-bookmarks/2" lastBookmarkId="0"/>
    <open-files xmlns="http://www.netbeans.org/ns/projectui-open-files/2">
        <group>
            <file>file:/D:/chabed/My_deffece_project/WebApplication/Spring1/AOPFirstExample/src/com/exam/Test.java</file>
            <file>file:/D:/chabed/My_deffece_project/WebApplication/Spring1/AOPFirstExample/src/com/exam/Test1.java</file>
            <file>file:/D:/chabed/My_deffece_project/WebApplication/Spring1/AOPFirstExample/src/com/exam/BeforeAdvisor.java</file>
            <file>file:/D:/chabed/My_deffece_project/WebApplication/Spring1/AOPFirstExample/src/com/exam/spring.xml</file>
            <file>file:/D:/chabed/My_deffece_project/WebApplication/Spring1/AOPFirstExample/src/com/exam/AdvisorMethodInterceptor.java</file>
            <file>file:/D:/chabed/My_deffece_project/WebApplication/Spring1/AOPFirstExample/src/com/exam/A.java</file>
        </group>
    </open-files>
</project-private>
